{
	"text_2" : 	{
		"commands" : 		{
			"0" : [ "textcolor", 0.501961, 0.501961, 0.0, 1.0 ],
			"1" : [ "font", "Arial", 30 ],
			"2" : [ "move_to", 205.0, 346.0 ],
			"3" : [ "write", "text" ]
		}
,
		"info" : 		{
			"origin" : [ 0.0, 0.0 ],
			"a" : [ 1.0, 0.0, 0.0, "no", 0, 1.0 ],
			"b" : [ 0.0, 1.0, 0.0, "no", 0, 1.0 ],
			"hide" : 0,
			"transform_mode" : 0,
			"draw_axes" : 0,
			"transform" : [ 1.0, 0.0, 0.0, 1.0, 0.0, 0.0 ]
		}
,
		"anchors" : 		{
			"0" : [ 205.0, 346.0, 4.0, "yes", 0 ]
		}

	}
,
	"framerect_2" : 	{
		"commands" : 		{
			"0" : [ "pen_size", 2 ],
			"1" : [ "color", 1.0, 0.980392, 0.160784, 0.784314 ],
			"2" : [ "rectangle", 96.0, 162.5, 64.0, 45.0 ]
		}
,
		"info" : 		{
			"origin" : [ 0.0, 0.0 ],
			"a" : [ 1.0, 0.0, 0.0, "no", 0, 1.0 ],
			"b" : [ 0.0, 1.0, 0.0, "no", 0, 1.0 ],
			"hide" : 0,
			"transform_mode" : 0,
			"draw_axes" : 0,
			"transform" : [ 1.0, 0.0, 0.0, 1.0, 0.0, 0.0 ]
		}
,
		"anchors" : 		{
			"0" : [ 96.0, 162.5, 4.0, "yes", 0 ]
		}

	}
,
	"paintrect_2" : 	{
		"commands" : 		{
			"0" : [ "color", 0.039216, 0.039216, 0.003922, 0.572549 ],
			"1" : [ "rectangle", 89.0, 211.5, 34.0, 25.0 ],
			"2" : "fill"
		}
,
		"info" : 		{
			"origin" : [ 0.0, 0.0 ],
			"a" : [ 1.0, 0.0, 0.0, "no", 0, 1.0 ],
			"b" : [ 0.0, 1.0, 0.0, "no", 0, 1.0 ],
			"hide" : 0,
			"transform_mode" : 0,
			"draw_axes" : 0,
			"transform" : [ 1.0, 0.0, 0.0, 1.0, 0.0, 0.0 ]
		}
,
		"anchors" : 		{
			"0" : [ 89.0, 211.5, 4.0, "yes", 0 ]
		}

	}
,
	"frameoval_2" : 	{
		"commands" : 		{
			"0" : [ "pen_size", 2 ],
			"1" : [ "color", 0.47451, 0.890196, 1.0, 0.815686 ],
			"2" : [ "ellipse", 109.5, 100.0, 45.0, 42.0 ]
		}
,
		"info" : 		{
			"origin" : [ 0.0, 0.0 ],
			"a" : [ 1.0, 0.0, 0.0, "no", 0, 1.0 ],
			"b" : [ 0.0, 1.0, 0.0, "no", 0, 1.0 ],
			"hide" : 0,
			"transform_mode" : 0,
			"draw_axes" : 0,
			"transform" : [ 1.0, 0.0, 0.0, 1.0, 0.0, 0.0 ]
		}
,
		"anchors" : 		{
			"0" : [ 109.5, 100.0, 4.0, "yes", 0 ]
		}

	}
,
	"paintoval_2" : 	{
		"commands" : 		{
			"0" : [ "color", 0.172549, 0.082353, 1.0, 0.301961 ],
			"1" : [ "ellipse", 133.5, 83.5, 39.0, 39.0 ],
			"2" : "fill"
		}
,
		"info" : 		{
			"origin" : [ 0.0, 0.0 ],
			"a" : [ 1.0, 0.0, 0.0, "no", 0, 1.0 ],
			"b" : [ 0.0, 1.0, 0.0, "no", 0, 1.0 ],
			"hide" : 0,
			"transform_mode" : 0,
			"draw_axes" : 0,
			"transform" : [ 1.0, 0.0, 0.0, 1.0, 0.0, 0.0 ]
		}
,
		"anchors" : 		{
			"0" : [ 133.5, 83.5, 4.0, "yes", 0 ]
		}

	}
,
	"frameroundrect_2" : 	{
		"commands" : 		{
			"0" : [ "pen_size", 2 ],
			"1" : [ "color", 0.811765, 0.360784, 0.462745, 0.662745 ],
			"2" : [ "move_to", 114.0, 278.0 ],
			"3" : [ "line_to", 114.0, 300.0 ],
			"4" : [ "curve_to", 114.0, 310.0, 114.0, 310.0, 124.0, 310.0 ],
			"5" : [ "line_to", 145.0, 310.0 ],
			"6" : [ "curve_to", 155.0, 310.0, 155.0, 310.0, 155.0, 300.0 ],
			"7" : [ "line_to", 155.0, 278.0 ],
			"8" : [ "curve_to", 155.0, 268.0, 155.0, 268.0, 145.0, 268.0 ],
			"9" : [ "line_to", 124.0, 268.0 ],
			"10" : [ "curve_to", 114.0, 268.0, 114.0, 268.0, 114.0, 278.0 ]
		}
,
		"info" : 		{
			"origin" : [ 0.0, 0.0 ],
			"a" : [ 1.0, 0.0, 0.0, "no", 0, 1.0 ],
			"b" : [ 0.0, 1.0, 0.0, "no", 0, 1.0 ],
			"hide" : 0,
			"transform_mode" : 0,
			"draw_axes" : 0,
			"transform" : [ 1.0, 0.0, 0.0, 1.0, 0.0, 0.0 ]
		}
,
		"anchors" : 		{
			"0" : [ 134.5, 289.0, 4.0, "yes", 0 ]
		}

	}
,
	"paintroundrect_2" : 	{
		"commands" : 		{
			"0" : [ "color", 0.635294, 0.498039, 0.368627, 0.360784 ],
			"1" : [ "move_to", 228.0, 328.0 ],
			"2" : [ "line_to", 228.0, 347.0 ],
			"3" : [ "curve_to", 228.0, 357.0, 228.0, 357.0, 238.0, 357.0 ],
			"4" : [ "line_to", 261.0, 357.0 ],
			"5" : [ "curve_to", 271.0, 357.0, 271.0, 357.0, 271.0, 347.0 ],
			"6" : [ "line_to", 271.0, 328.0 ],
			"7" : [ "curve_to", 271.0, 318.0, 271.0, 318.0, 261.0, 318.0 ],
			"8" : [ "line_to", 238.0, 318.0 ],
			"9" : [ "curve_to", 228.0, 318.0, 228.0, 318.0, 228.0, 328.0 ],
			"10" : "fill"
		}
,
		"info" : 		{
			"origin" : [ 0.0, 0.0 ],
			"a" : [ 1.0, 0.0, 0.0, "no", 0, 1.0 ],
			"b" : [ 0.0, 1.0, 0.0, "no", 0, 1.0 ],
			"hide" : 0,
			"transform_mode" : 0,
			"draw_axes" : 0,
			"transform" : [ 1.0, 0.0, 0.0, 1.0, 0.0, 0.0 ]
		}
,
		"anchors" : 		{
			"0" : [ 249.5, 337.5, 4.0, "yes", 0 ]
		}

	}
,
	"framearc_2" : 	{
		"commands" : 		{
			"0" : [ "pen_size", 2 ],
			"1" : [ "color", 0.164706, 0.431373, 0.047059, 0.603922 ],
			"2" : [ "ovalarc", 79.5, 256.0, 17.5, 18.0, -1.57, 3.14 ]
		}
,
		"info" : 		{
			"origin" : [ 0.0, 0.0 ],
			"a" : [ 1.0, 0.0, 0.0, "no", 0, 1.0 ],
			"b" : [ 0.0, 1.0, 0.0, "no", 0, 1.0 ],
			"hide" : 0,
			"transform_mode" : 0,
			"draw_axes" : 0,
			"transform" : [ 1.0, 0.0, 0.0, 1.0, 0.0, 0.0 ]
		}
,
		"anchors" : 		{
			"0" : [ 79.5, 256.0, 4.0, "yes", 0 ]
		}

	}
,
	"picture_2" : 	{
		"commands" : 		{
			"0" : [ "raster", "Macintosh HD:/Users/Shared/Max 7/Packages/MaxScore/patchers/Picster/icons/imageresize.png" ]
		}
,
		"info" : 		{
			"origin" : [ 197.0, 86.0 ],
			"a" : [ 50.0, 0.0, 5.0, "auto", 0, 40.0 ],
			"b" : [ 0.0, 45.0, 5.0, "auto", 0, 40.0 ],
			"hide" : 0,
			"transform_mode" : 0,
			"draw_axes" : 0,
			"transform" : [ 1.25, 0.0, 0.0, 1.125, 0.0, 0.0 ]
		}
,
		"anchors" : 		{
			"0" : [ 20.0, 20.0, 5.0, "yes", 0 ]
		}

	}
,
	"paintarc_2" : 	{
		"commands" : 		{
			"0" : [ "color", 1.0, 0.0, 0.501961, 0.482353 ],
			"1" : [ "ovalarc", 48.0, 324.0, 20.0, 9.0, 0.959444, 3.837778 ],
			"2" : "fill"
		}
,
		"info" : 		{
			"origin" : [ 0.0, 0.0 ],
			"a" : [ 1.0, 0.0, 0.0, "no", 0, 1.0 ],
			"b" : [ 0.0, 1.0, 0.0, "no", 0, 1.0 ],
			"hide" : 0,
			"transform_mode" : 0,
			"draw_axes" : 0,
			"transform" : [ 1.0, 0.0, 0.0, 1.0, 0.0, 0.0 ]
		}
,
		"anchors" : 		{
			"0" : [ 48.0, 324.0, 4.0, "yes", 0 ]
		}

	}
,
	"freehand_1" : 	{
		"commands" : 		{
			"0" : [ "pen_size", 2 ],
			"1" : [ "color", 0.501961, 0.501961, 0.0, 1.0 ],
			"2" : [ "move_to", 123, 220 ],
			"3" : [ "line_to", 123.0, 220.0 ],
			"4" : [ "line_to", 123.0, 219.0 ],
			"5" : [ "line_to", 123.0, 218.0 ],
			"6" : [ "line_to", 123.0, 216.0 ],
			"7" : [ "line_to", 124.0, 216.0 ],
			"8" : [ "line_to", 126.0, 216.0 ],
			"9" : [ "line_to", 127.0, 216.0 ],
			"10" : [ "line_to", 129.0, 216.0 ],
			"11" : [ "line_to", 130.0, 216.0 ],
			"12" : [ "line_to", 132.0, 216.0 ],
			"13" : [ "line_to", 134.0, 216.0 ],
			"14" : [ "line_to", 136.0, 216.0 ],
			"15" : [ "line_to", 139.0, 216.0 ],
			"16" : [ "line_to", 140.0, 218.0 ],
			"17" : [ "line_to", 143.0, 220.0 ],
			"18" : [ "line_to", 146.0, 222.0 ],
			"19" : [ "line_to", 148.0, 224.0 ],
			"20" : [ "line_to", 151.0, 226.0 ],
			"21" : [ "line_to", 153.0, 227.0 ],
			"22" : [ "line_to", 156.0, 227.0 ],
			"23" : [ "line_to", 158.0, 227.0 ],
			"24" : [ "line_to", 160.0, 225.0 ],
			"25" : [ "line_to", 163.0, 221.0 ],
			"26" : [ "line_to", 165.0, 216.0 ],
			"27" : [ "line_to", 168.0, 210.0 ],
			"28" : [ "line_to", 171.0, 205.0 ],
			"29" : [ "line_to", 174.0, 202.0 ],
			"30" : [ "line_to", 178.0, 200.0 ],
			"31" : [ "line_to", 183.0, 198.0 ],
			"32" : [ "line_to", 186.0, 198.0 ],
			"33" : [ "line_to", 189.0, 198.0 ],
			"34" : [ "line_to", 191.0, 198.0 ],
			"35" : [ "line_to", 194.0, 198.0 ],
			"36" : [ "line_to", 195.0, 198.0 ],
			"37" : [ "line_to", 196.0, 197.0 ],
			"38" : [ "line_to", 197.0, 196.0 ],
			"39" : [ "line_to", 199.0, 194.0 ],
			"40" : [ "line_to", 200.0, 193.0 ],
			"41" : [ "line_to", 200.0, 193.0 ],
			"42" : "stroke"
		}
,
		"info" : 		{
			"origin" : [ 0.0, 0.0 ],
			"a" : [ 1.0, 0.0, 0.0, "no", 0, 1.0 ],
			"b" : [ 0.0, 1.0, 0.0, "no", 0, 1.0 ],
			"hide" : 0,
			"transform_mode" : 0,
			"draw_axes" : 0,
			"transform" : [ 1.0, 0.0, 0.0, 1.0, 0.0, 0.0 ]
		}
,
		"anchors" : 		{
			"0" : [ 123.0, 220.0, 4.0, "yes", 0 ]
		}

	}
,
	"linesegment_3" : 	{
		"commands" : 		{
			"0" : [ "pen_size", 2 ],
			"1" : [ "color", 0.431373, 1.0, 0.317647, 0.482353 ],
			"2" : [ "line", 122, 369, 235, 267 ]
		}
,
		"info" : 		{
			"origin" : [ 0.0, 0.0 ],